CREATE TABLE stationlist (
	id serial PRIMARY KEY,
	station_id int NOT NULL,
	avialable boolean NOT NULL,
	latitude float NOT NULL,
	longitude float NOT NULL
);


insert into stationlist (station_id, avialable, latitude, longitude) values (1, 'true', 48.267492, 16.487607),
(2, 'true', 48.345442, 16.34949),
(3, 'true', 48.461581, 16.304212),
(4, 'true', 48.201938, 16.481203),
(5, 'true', 48.459901, 16.282501);

create table jobInfo (
	id serial PRIMARY KEY,
	job_id VARCHAR(36),
	station_count INT,
	returned_data_count INT
);

create table chargingStationData (
	id serial PRIMARY KEY,
	station_id INT,
	customer_id INT,
	kwh INT,
	datetime timestamp
);

create table consumptions (
	id serial PRIMARY KEY,
	job_id VARCHAR(36),
	station_id INT,
	consumption INT,
	datetime timestamp
);

CREATE TABLE customers (
	id serial PRIMARY KEY,
	customer_id int NOT NULL,
	name VARCHAR(50) NOT NULL,
	postalcode int NOT NULL,
	city VARCHAR(50) NOT NULL,
	street VARCHAR(50) NOT NULL
);

insert into chargingStationData (station_id, customer_id, kwh, datetime) values (1, 18, 30, '2022-01-19 19:20:12');
insert into chargingStationData (station_id, customer_id, kwh, datetime) values (3, 5, 75, '2022-05-27 11:38:05');
insert into chargingStationData (station_id, customer_id, kwh, datetime) values (1, 18, 86, '2022-03-01 06:32:04');
insert into chargingStationData (station_id, customer_id, kwh, datetime) values (1, 7, 84, '2022-01-13 03:49:05');
insert into chargingStationData (station_id, customer_id, kwh, datetime) values (3, 22, 60, '2022-03-08 23:07:23');
insert into chargingStationData (station_id, customer_id, kwh, datetime) values (3, 12, 84, '2022-04-15 10:53:04');
insert into chargingStationData (station_id, customer_id, kwh, datetime) values (4, 3, 87, '2022-03-20 00:02:06');
insert into chargingStationData (station_id, customer_id, kwh, datetime) values (4, 14, 83, '2022-02-08 10:41:43');
insert into chargingStationData (station_id, customer_id, kwh, datetime) values (3, 18, 53, '2022-03-25 00:23:05');
insert into chargingStationData (station_id, customer_id, kwh, datetime) values (1, 14, 28, '2022-06-23 18:30:05');
insert into chargingStationData (station_id, customer_id, kwh, datetime) values (2, 6, 45, '2022-01-08 12:38:03');
insert into chargingStationData (station_id, customer_id, kwh, datetime) values (1, 22, 90, '2022-01-24 13:52:57');
insert into chargingStationData (station_id, customer_id, kwh, datetime) values (3, 1, 42, '2022-01-20 08:34:21');
insert into chargingStationData (station_id, customer_id, kwh, datetime) values (4, 19, 39, '2022-03-13 13:01:12');
insert into chargingStationData (station_id, customer_id, kwh, datetime) values (3, 8, 25, '2022-05-10 08:41:20');
insert into chargingStationData (station_id, customer_id, kwh, datetime) values (4, 7, 84, '2022-04-10 11:21:28');
insert into chargingStationData (station_id, customer_id, kwh, datetime) values (4, 10, 42, '2022-02-02 16:56:21');
insert into chargingStationData (station_id, customer_id, kwh, datetime) values (5, 11, 70, '2022-04-11 23:03:17');
insert into chargingStationData (station_id, customer_id, kwh, datetime) values (4, 5, 63, '2022-05-16 04:13:00');
insert into chargingStationData (station_id, customer_id, kwh, datetime) values (1, 20, 25, '2022-04-14 23:13:16');
insert into chargingStationData (station_id, customer_id, kwh, datetime) values (4, 16, 67, '2022-03-23 13:46:29');
insert into chargingStationData (station_id, customer_id, kwh, datetime) values (2, 12, 58, '2022-02-09 21:51:10');
insert into chargingStationData (station_id, customer_id, kwh, datetime) values (1, 5, 28, '2022-03-28 20:05:33');
insert into chargingStationData (station_id, customer_id, kwh, datetime) values (3, 9, 82, '2022-06-14 11:49:32');
insert into chargingStationData (station_id, customer_id, kwh, datetime) values (2, 8, 81, '2022-05-13 00:58:36');
insert into chargingStationData (station_id, customer_id, kwh, datetime) values (3, 24, 43, '2022-05-04 18:09:27');
insert into chargingStationData (station_id, customer_id, kwh, datetime) values (1, 16, 52, '2022-05-23 21:15:54');
insert into chargingStationData (station_id, customer_id, kwh, datetime) values (3, 21, 48, '2022-01-19 14:07:31');
insert into chargingStationData (station_id, customer_id, kwh, datetime) values (1, 12, 48, '2022-01-31 01:23:19');
insert into chargingStationData (station_id, customer_id, kwh, datetime) values (1, 20, 21, '2022-06-08 01:36:14');
insert into chargingStationData (station_id, customer_id, kwh, datetime) values (4, 6, 41, '2022-06-04 00:17:05');
insert into chargingStationData (station_id, customer_id, kwh, datetime) values (2, 20, 87, '2022-05-19 21:36:22');
insert into chargingStationData (station_id, customer_id, kwh, datetime) values (2, 2, 51, '2022-04-13 18:29:53');
insert into chargingStationData (station_id, customer_id, kwh, datetime) values (5, 11, 36, '2022-03-14 19:03:22');
insert into chargingStationData (station_id, customer_id, kwh, datetime) values (4, 6, 65, '2022-04-21 10:58:30');
insert into chargingStationData (station_id, customer_id, kwh, datetime) values (3, 23, 89, '2022-06-06 11:01:13');
insert into chargingStationData (station_id, customer_id, kwh, datetime) values (4, 11, 31, '2022-06-18 19:50:49');
insert into chargingStationData (station_id, customer_id, kwh, datetime) values (2, 22, 26, '2022-01-07 13:36:17');
insert into chargingStationData (station_id, customer_id, kwh, datetime) values (1, 25, 45, '2022-02-08 17:07:53');
insert into chargingStationData (station_id, customer_id, kwh, datetime) values (2, 4, 86, '2022-01-18 14:04:58');
insert into chargingStationData (station_id, customer_id, kwh, datetime) values (1, 25, 36, '2022-04-27 10:05:54');
insert into chargingStationData (station_id, customer_id, kwh, datetime) values (1, 20, 58, '2022-01-30 00:25:58');
insert into chargingStationData (station_id, customer_id, kwh, datetime) values (1, 15, 20, '2022-03-09 07:42:44');
insert into chargingStationData (station_id, customer_id, kwh, datetime) values (1, 3, 55, '2022-01-26 17:57:43');
insert into chargingStationData (station_id, customer_id, kwh, datetime) values (3, 14, 88, '2022-03-23 12:17:53');
insert into chargingStationData (station_id, customer_id, kwh, datetime) values (2, 4, 71, '2022-06-18 04:42:13');
insert into chargingStationData (station_id, customer_id, kwh, datetime) values (4, 7, 66, '2022-02-07 19:00:52');
insert into chargingStationData (station_id, customer_id, kwh, datetime) values (5, 15, 28, '2022-04-27 14:40:48');
insert into chargingStationData (station_id, customer_id, kwh, datetime) values (4, 22, 69, '2022-05-12 12:39:09');
insert into chargingStationData (station_id, customer_id, kwh, datetime) values (5, 4, 29, '2022-03-01 10:59:39');
insert into chargingStationData (station_id, customer_id, kwh, datetime) values (4, 22, 83, '2022-01-08 03:09:57');
insert into chargingStationData (station_id, customer_id, kwh, datetime) values (3, 22, 53, '2022-05-11 10:57:50');
insert into chargingStationData (station_id, customer_id, kwh, datetime) values (3, 16, 31, '2022-03-01 21:29:23');
insert into chargingStationData (station_id, customer_id, kwh, datetime) values (2, 3, 69, '2022-02-19 19:41:09');
insert into chargingStationData (station_id, customer_id, kwh, datetime) values (4, 6, 50, '2022-01-17 13:37:28');
insert into chargingStationData (station_id, customer_id, kwh, datetime) values (3, 13, 42, '2022-05-22 19:27:16');
insert into chargingStationData (station_id, customer_id, kwh, datetime) values (1, 18, 82, '2022-03-20 09:47:47');
insert into chargingStationData (station_id, customer_id, kwh, datetime) values (4, 14, 20, '2022-03-05 12:29:43');
insert into chargingStationData (station_id, customer_id, kwh, datetime) values (4, 15, 46, '2022-02-03 21:22:41');
insert into chargingStationData (station_id, customer_id, kwh, datetime) values (3, 15, 61, '2022-02-20 10:02:17');
insert into chargingStationData (station_id, customer_id, kwh, datetime) values (4, 25, 30, '2022-05-14 19:12:49');
insert into chargingStationData (station_id, customer_id, kwh, datetime) values (5, 13, 80, '2022-03-22 12:38:53');
insert into chargingStationData (station_id, customer_id, kwh, datetime) values (5, 12, 26, '2022-02-19 09:26:38');
insert into chargingStationData (station_id, customer_id, kwh, datetime) values (1, 2, 74, '2022-04-29 11:50:38');
insert into chargingStationData (station_id, customer_id, kwh, datetime) values (4, 12, 77, '2022-02-26 11:22:23');
insert into chargingStationData (station_id, customer_id, kwh, datetime) values (2, 11, 41, '2022-04-14 21:40:46');
insert into chargingStationData (station_id, customer_id, kwh, datetime) values (2, 19, 28, '2022-04-19 07:23:32');
insert into chargingStationData (station_id, customer_id, kwh, datetime) values (2, 9, 79, '2022-04-01 21:52:13');
insert into chargingStationData (station_id, customer_id, kwh, datetime) values (3, 8, 70, '2022-05-04 02:06:51');
insert into chargingStationData (station_id, customer_id, kwh, datetime) values (5, 10, 23, '2022-06-09 08:05:41');
insert into chargingStationData (station_id, customer_id, kwh, datetime) values (3, 9, 84, '2022-05-15 22:17:06');
insert into chargingStationData (station_id, customer_id, kwh, datetime) values (1, 19, 88, '2022-06-11 23:08:29');
insert into chargingStationData (station_id, customer_id, kwh, datetime) values (2, 2, 34, '2022-01-19 21:17:22');
insert into chargingStationData (station_id, customer_id, kwh, datetime) values (2, 10, 69, '2022-02-01 12:53:33');
insert into chargingStationData (station_id, customer_id, kwh, datetime) values (4, 16, 24, '2022-02-01 20:23:16');
insert into chargingStationData (station_id, customer_id, kwh, datetime) values (4, 18, 25, '2022-06-18 14:39:52');
insert into chargingStationData (station_id, customer_id, kwh, datetime) values (5, 12, 41, '2022-04-28 14:39:36');
insert into chargingStationData (station_id, customer_id, kwh, datetime) values (4, 24, 50, '2022-03-02 10:58:11');
insert into chargingStationData (station_id, customer_id, kwh, datetime) values (4, 3, 23, '2022-03-24 06:44:13');
insert into chargingStationData (station_id, customer_id, kwh, datetime) values (4, 13, 44, '2022-02-14 18:17:51');
insert into chargingStationData (station_id, customer_id, kwh, datetime) values (2, 8, 36, '2022-01-03 05:16:40');
insert into chargingStationData (station_id, customer_id, kwh, datetime) values (1, 9, 25, '2022-01-23 14:48:38');
insert into chargingStationData (station_id, customer_id, kwh, datetime) values (5, 15, 72, '2022-03-04 13:42:59');
insert into chargingStationData (station_id, customer_id, kwh, datetime) values (4, 13, 59, '2022-01-20 07:24:04');
insert into chargingStationData (station_id, customer_id, kwh, datetime) values (1, 24, 35, '2022-06-08 17:31:10');
insert into chargingStationData (station_id, customer_id, kwh, datetime) values (4, 23, 70, '2022-02-28 02:49:40');
insert into chargingStationData (station_id, customer_id, kwh, datetime) values (4, 7, 36, '2022-05-31 18:02:18');
insert into chargingStationData (station_id, customer_id, kwh, datetime) values (1, 15, 65, '2022-04-02 17:58:47');
insert into chargingStationData (station_id, customer_id, kwh, datetime) values (1, 20, 64, '2022-05-11 02:49:34');
insert into chargingStationData (station_id, customer_id, kwh, datetime) values (5, 2, 36, '2022-03-05 16:56:41');
insert into chargingStationData (station_id, customer_id, kwh, datetime) values (4, 1, 89, '2022-02-23 16:10:43');
insert into chargingStationData (station_id, customer_id, kwh, datetime) values (3, 16, 70, '2022-05-25 11:47:05');
insert into chargingStationData (station_id, customer_id, kwh, datetime) values (5, 16, 55, '2022-06-05 04:46:18');
insert into chargingStationData (station_id, customer_id, kwh, datetime) values (4, 8, 71, '2022-03-05 18:32:07');
insert into chargingStationData (station_id, customer_id, kwh, datetime) values (3, 15, 36, '2022-02-16 02:30:41');
insert into chargingStationData (station_id, customer_id, kwh, datetime) values (5, 4, 75, '2022-01-30 15:48:42');
insert into chargingStationData (station_id, customer_id, kwh, datetime) values (4, 11, 23, '2022-06-10 09:13:16');
insert into chargingStationData (station_id, customer_id, kwh, datetime) values (2, 16, 90, '2022-03-08 03:40:18');
insert into chargingStationData (station_id, customer_id, kwh, datetime) values (1, 12, 62, '2022-06-18 07:04:40');
insert into chargingStationData (station_id, customer_id, kwh, datetime) values (1, 23, 25, '2022-01-11 22:05:45');
insert into chargingStationData (station_id, customer_id, kwh, datetime) values (4, 11, 57, '2022-01-12 00:54:40');
insert into chargingStationData (station_id, customer_id, kwh, datetime) values (4, 14, 72, '2022-04-28 07:08:34');
insert into chargingStationData (station_id, customer_id, kwh, datetime) values (3, 20, 79, '2022-05-19 13:52:13');
insert into chargingStationData (station_id, customer_id, kwh, datetime) values (2, 4, 30, '2022-03-12 19:33:37');
insert into chargingStationData (station_id, customer_id, kwh, datetime) values (2, 12, 31, '2022-06-17 17:34:45');
insert into chargingStationData (station_id, customer_id, kwh, datetime) values (3, 14, 46, '2022-01-09 10:18:05');
insert into chargingStationData (station_id, customer_id, kwh, datetime) values (3, 24, 87, '2022-03-10 00:51:12');
insert into chargingStationData (station_id, customer_id, kwh, datetime) values (2, 15, 72, '2022-04-27 16:35:45');
insert into chargingStationData (station_id, customer_id, kwh, datetime) values (5, 23, 66, '2022-02-14 11:23:35');
insert into chargingStationData (station_id, customer_id, kwh, datetime) values (3, 22, 58, '2022-02-19 07:34:46');
insert into chargingStationData (station_id, customer_id, kwh, datetime) values (1, 24, 56, '2022-01-06 05:26:54');
insert into chargingStationData (station_id, customer_id, kwh, datetime) values (5, 1, 75, '2022-01-04 23:58:29');
insert into chargingStationData (station_id, customer_id, kwh, datetime) values (4, 15, 50, '2022-05-16 21:32:19');
insert into chargingStationData (station_id, customer_id, kwh, datetime) values (1, 11, 38, '2022-04-26 09:23:18');
insert into chargingStationData (station_id, customer_id, kwh, datetime) values (5, 5, 25, '2022-05-27 19:06:23');
insert into chargingStationData (station_id, customer_id, kwh, datetime) values (3, 21, 28, '2022-01-30 02:00:48');
insert into chargingStationData (station_id, customer_id, kwh, datetime) values (1, 12, 46, '2022-06-08 13:48:23');
insert into chargingStationData (station_id, customer_id, kwh, datetime) values (4, 23, 66, '2022-01-09 17:37:10');
insert into chargingStationData (station_id, customer_id, kwh, datetime) values (3, 19, 67, '2022-05-18 01:18:21');
insert into chargingStationData (station_id, customer_id, kwh, datetime) values (1, 14, 30, '2022-04-17 09:32:05');
insert into chargingStationData (station_id, customer_id, kwh, datetime) values (1, 7, 46, '2022-01-06 17:49:04');
insert into chargingStationData (station_id, customer_id, kwh, datetime) values (3, 19, 56, '2022-06-23 21:19:54');
insert into chargingStationData (station_id, customer_id, kwh, datetime) values (4, 2, 22, '2022-06-15 15:39:55');
insert into chargingStationData (station_id, customer_id, kwh, datetime) values (3, 25, 39, '2022-03-10 14:43:16');
insert into chargingStationData (station_id, customer_id, kwh, datetime) values (4, 6, 37, '2022-05-21 19:41:18');
insert into chargingStationData (station_id, customer_id, kwh, datetime) values (5, 14, 89, '2022-04-01 04:06:20');
insert into chargingStationData (station_id, customer_id, kwh, datetime) values (1, 24, 46, '2022-03-15 11:31:27');
insert into chargingStationData (station_id, customer_id, kwh, datetime) values (2, 1, 42, '2022-03-25 08:22:17');
insert into chargingStationData (station_id, customer_id, kwh, datetime) values (5, 8, 24, '2022-02-11 00:35:37');
insert into chargingStationData (station_id, customer_id, kwh, datetime) values (3, 1, 56, '2022-04-14 17:01:08');
insert into chargingStationData (station_id, customer_id, kwh, datetime) values (2, 10, 51, '2022-02-18 00:51:27');
insert into chargingStationData (station_id, customer_id, kwh, datetime) values (5, 16, 36, '2022-06-22 00:06:40');
insert into chargingStationData (station_id, customer_id, kwh, datetime) values (2, 21, 87, '2022-04-01 03:33:47');
insert into chargingStationData (station_id, customer_id, kwh, datetime) values (2, 20, 39, '2022-04-25 12:26:12');
insert into chargingStationData (station_id, customer_id, kwh, datetime) values (4, 20, 44, '2022-04-14 05:59:49');
insert into chargingStationData (station_id, customer_id, kwh, datetime) values (2, 25, 26, '2022-03-06 04:26:33');
insert into chargingStationData (station_id, customer_id, kwh, datetime) values (1, 19, 47, '2022-04-30 04:20:22');
insert into chargingStationData (station_id, customer_id, kwh, datetime) values (1, 5, 55, '2022-02-10 21:10:30');
insert into chargingStationData (station_id, customer_id, kwh, datetime) values (3, 8, 69, '2022-05-06 03:09:17');
insert into chargingStationData (station_id, customer_id, kwh, datetime) values (4, 11, 20, '2022-04-15 16:09:58');
insert into chargingStationData (station_id, customer_id, kwh, datetime) values (4, 14, 23, '2022-04-10 12:33:23');
insert into chargingStationData (station_id, customer_id, kwh, datetime) values (2, 9, 71, '2022-03-23 19:18:10');
insert into chargingStationData (station_id, customer_id, kwh, datetime) values (2, 15, 65, '2022-02-14 06:27:19');
insert into chargingStationData (station_id, customer_id, kwh, datetime) values (1, 21, 85, '2022-03-03 20:58:41');
insert into chargingStationData (station_id, customer_id, kwh, datetime) values (1, 4, 52, '2022-03-27 13:52:43');
insert into chargingStationData (station_id, customer_id, kwh, datetime) values (5, 17, 87, '2022-05-03 09:54:38');
insert into chargingStationData (station_id, customer_id, kwh, datetime) values (5, 8, 29, '2022-06-09 18:13:40');
insert into chargingStationData (station_id, customer_id, kwh, datetime) values (1, 18, 46, '2022-06-22 07:12:40');
insert into chargingStationData (station_id, customer_id, kwh, datetime) values (5, 9, 77, '2022-06-11 11:57:19');
insert into chargingStationData (station_id, customer_id, kwh, datetime) values (5, 14, 32, '2022-02-20 01:50:01');
insert into chargingStationData (station_id, customer_id, kwh, datetime) values (1, 11, 68, '2022-05-17 23:55:40');
insert into chargingStationData (station_id, customer_id, kwh, datetime) values (1, 5, 24, '2022-01-24 06:16:36');
insert into chargingStationData (station_id, customer_id, kwh, datetime) values (2, 6, 52, '2022-04-13 04:25:47');
insert into chargingStationData (station_id, customer_id, kwh, datetime) values (2, 24, 77, '2022-01-22 07:09:04');
insert into chargingStationData (station_id, customer_id, kwh, datetime) values (3, 25, 62, '2022-01-15 06:38:03');
insert into chargingStationData (station_id, customer_id, kwh, datetime) values (1, 14, 44, '2022-04-23 10:56:58');
insert into chargingStationData (station_id, customer_id, kwh, datetime) values (2, 25, 59, '2022-04-14 00:42:30');
insert into chargingStationData (station_id, customer_id, kwh, datetime) values (3, 14, 49, '2022-06-01 08:48:49');
insert into chargingStationData (station_id, customer_id, kwh, datetime) values (2, 20, 88, '2022-04-15 07:51:00');
insert into chargingStationData (station_id, customer_id, kwh, datetime) values (3, 24, 63, '2022-03-11 03:07:52');
insert into chargingStationData (station_id, customer_id, kwh, datetime) values (3, 6, 37, '2022-02-06 06:32:10');
insert into chargingStationData (station_id, customer_id, kwh, datetime) values (4, 24, 53, '2022-04-14 14:00:32');
insert into chargingStationData (station_id, customer_id, kwh, datetime) values (4, 17, 20, '2022-02-14 08:22:20');
insert into chargingStationData (station_id, customer_id, kwh, datetime) values (3, 20, 52, '2022-04-22 19:08:51');
insert into chargingStationData (station_id, customer_id, kwh, datetime) values (5, 13, 81, '2022-05-14 16:05:46');
insert into chargingStationData (station_id, customer_id, kwh, datetime) values (2, 9, 25, '2022-05-09 17:52:55');
insert into chargingStationData (station_id, customer_id, kwh, datetime) values (5, 17, 64, '2022-04-02 03:18:43');
insert into chargingStationData (station_id, customer_id, kwh, datetime) values (2, 14, 38, '2022-05-26 03:01:05');
insert into chargingStationData (station_id, customer_id, kwh, datetime) values (1, 16, 56, '2022-03-25 16:26:43');
insert into chargingStationData (station_id, customer_id, kwh, datetime) values (2, 22, 69, '2022-05-22 19:24:51');
insert into chargingStationData (station_id, customer_id, kwh, datetime) values (3, 1, 27, '2022-04-03 06:04:56');
insert into chargingStationData (station_id, customer_id, kwh, datetime) values (5, 13, 80, '2022-05-21 20:09:29');
insert into chargingStationData (station_id, customer_id, kwh, datetime) values (3, 6, 86, '2022-01-31 03:54:05');
insert into chargingStationData (station_id, customer_id, kwh, datetime) values (3, 13, 44, '2022-03-09 23:23:25');
insert into chargingStationData (station_id, customer_id, kwh, datetime) values (1, 19, 56, '2022-04-03 12:32:27');
insert into chargingStationData (station_id, customer_id, kwh, datetime) values (4, 5, 84, '2022-02-13 15:54:43');
insert into chargingStationData (station_id, customer_id, kwh, datetime) values (1, 6, 75, '2022-05-03 12:34:52');
insert into chargingStationData (station_id, customer_id, kwh, datetime) values (2, 18, 26, '2022-02-13 23:46:45');
insert into chargingStationData (station_id, customer_id, kwh, datetime) values (3, 3, 33, '2022-03-04 15:45:31');
insert into chargingStationData (station_id, customer_id, kwh, datetime) values (4, 5, 84, '2022-05-30 11:09:19');
insert into chargingStationData (station_id, customer_id, kwh, datetime) values (4, 18, 90, '2022-04-12 13:09:17');
insert into chargingStationData (station_id, customer_id, kwh, datetime) values (3, 25, 24, '2022-05-31 05:31:10');
insert into chargingStationData (station_id, customer_id, kwh, datetime) values (1, 5, 68, '2022-03-28 00:19:15');
insert into chargingStationData (station_id, customer_id, kwh, datetime) values (2, 16, 85, '2022-05-14 16:05:37');
insert into chargingStationData (station_id, customer_id, kwh, datetime) values (3, 11, 87, '2022-01-01 06:54:56');
insert into chargingStationData (station_id, customer_id, kwh, datetime) values (5, 21, 34, '2022-01-24 23:45:42');
insert into chargingStationData (station_id, customer_id, kwh, datetime) values (1, 9, 34, '2022-06-22 07:59:02');
insert into chargingStationData (station_id, customer_id, kwh, datetime) values (4, 3, 65, '2022-02-28 06:15:29');
insert into chargingStationData (station_id, customer_id, kwh, datetime) values (3, 3, 36, '2022-01-09 14:57:57');
insert into chargingStationData (station_id, customer_id, kwh, datetime) values (4, 18, 27, '2022-04-15 20:17:10');
insert into chargingStationData (station_id, customer_id, kwh, datetime) values (4, 16, 75, '2022-02-23 17:44:52');
insert into chargingStationData (station_id, customer_id, kwh, datetime) values (3, 2, 39, '2022-05-22 11:13:30');
insert into chargingStationData (station_id, customer_id, kwh, datetime) values (5, 20, 64, '2022-02-21 04:11:04');
insert into chargingStationData (station_id, customer_id, kwh, datetime) values (3, 5, 24, '2022-03-26 02:41:56');
insert into chargingStationData (station_id, customer_id, kwh, datetime) values (2, 11, 60, '2022-01-26 05:38:30');
insert into chargingStationData (station_id, customer_id, kwh, datetime) values (3, 11, 66, '2022-02-01 01:03:07');
insert into chargingStationData (station_id, customer_id, kwh, datetime) values (5, 4, 24, '2022-01-31 17:41:50');
insert into chargingStationData (station_id, customer_id, kwh, datetime) values (3, 10, 49, '2022-06-02 15:28:11');
insert into chargingStationData (station_id, customer_id, kwh, datetime) values (2, 3, 44, '2022-05-06 08:08:21');
insert into chargingStationData (station_id, customer_id, kwh, datetime) values (5, 25, 87, '2022-01-13 14:20:54');
insert into chargingStationData (station_id, customer_id, kwh, datetime) values (1, 16, 52, '2022-01-29 07:19:32');
insert into chargingStationData (station_id, customer_id, kwh, datetime) values (3, 17, 84, '2022-01-17 18:02:37');
insert into chargingStationData (station_id, customer_id, kwh, datetime) values (4, 12, 47, '2022-01-27 04:09:54');
insert into chargingStationData (station_id, customer_id, kwh, datetime) values (1, 25, 35, '2022-03-14 19:02:28');
insert into chargingStationData (station_id, customer_id, kwh, datetime) values (2, 15, 39, '2022-02-21 12:01:29');
insert into chargingStationData (station_id, customer_id, kwh, datetime) values (4, 6, 64, '2022-02-05 01:32:21');
insert into chargingStationData (station_id, customer_id, kwh, datetime) values (1, 7, 69, '2022-04-23 15:17:01');
insert into chargingStationData (station_id, customer_id, kwh, datetime) values (5, 19, 33, '2022-01-05 22:01:42');
insert into chargingStationData (station_id, customer_id, kwh, datetime) values (1, 21, 78, '2022-03-21 05:15:10');
insert into chargingStationData (station_id, customer_id, kwh, datetime) values (5, 20, 56, '2022-03-28 11:36:45');
insert into chargingStationData (station_id, customer_id, kwh, datetime) values (4, 11, 56, '2022-03-03 17:08:13');
insert into chargingStationData (station_id, customer_id, kwh, datetime) values (4, 7, 23, '2022-05-08 06:07:38');
insert into chargingStationData (station_id, customer_id, kwh, datetime) values (4, 20, 78, '2022-03-14 08:03:58');
insert into chargingStationData (station_id, customer_id, kwh, datetime) values (2, 14, 35, '2022-04-24 00:06:15');
insert into chargingStationData (station_id, customer_id, kwh, datetime) values (5, 4, 69, '2022-06-20 20:09:09');
insert into chargingStationData (station_id, customer_id, kwh, datetime) values (4, 9, 45, '2022-06-11 10:37:26');
insert into chargingStationData (station_id, customer_id, kwh, datetime) values (2, 24, 57, '2022-01-30 06:16:49');
insert into chargingStationData (station_id, customer_id, kwh, datetime) values (5, 25, 84, '2022-06-03 18:54:03');
insert into chargingStationData (station_id, customer_id, kwh, datetime) values (2, 3, 55, '2022-04-05 05:12:19');
insert into chargingStationData (station_id, customer_id, kwh, datetime) values (5, 11, 89, '2022-03-14 00:24:33');
insert into chargingStationData (station_id, customer_id, kwh, datetime) values (5, 25, 34, '2022-05-05 21:37:47');
insert into chargingStationData (station_id, customer_id, kwh, datetime) values (3, 21, 35, '2022-01-10 11:42:28');
insert into chargingStationData (station_id, customer_id, kwh, datetime) values (3, 16, 87, '2022-04-18 00:44:03');
insert into chargingStationData (station_id, customer_id, kwh, datetime) values (5, 17, 44, '2022-01-29 09:27:00');
insert into chargingStationData (station_id, customer_id, kwh, datetime) values (5, 20, 55, '2022-06-17 16:19:50');
insert into chargingStationData (station_id, customer_id, kwh, datetime) values (5, 8, 67, '2022-03-09 20:27:28');
insert into chargingStationData (station_id, customer_id, kwh, datetime) values (3, 12, 47, '2022-05-21 21:48:07');
insert into chargingStationData (station_id, customer_id, kwh, datetime) values (2, 19, 71, '2022-01-16 09:03:54');
insert into chargingStationData (station_id, customer_id, kwh, datetime) values (5, 19, 66, '2022-04-11 06:03:21');
insert into chargingStationData (station_id, customer_id, kwh, datetime) values (4, 4, 90, '2022-04-09 07:44:30');
insert into chargingStationData (station_id, customer_id, kwh, datetime) values (3, 9, 46, '2022-05-27 22:23:07');
insert into chargingStationData (station_id, customer_id, kwh, datetime) values (1, 21, 77, '2022-02-20 04:22:56');
insert into chargingStationData (station_id, customer_id, kwh, datetime) values (1, 1, 42, '2022-04-14 08:41:11');
insert into chargingStationData (station_id, customer_id, kwh, datetime) values (1, 4, 46, '2022-05-17 17:37:29');
insert into chargingStationData (station_id, customer_id, kwh, datetime) values (2, 7, 60, '2022-01-20 05:14:14');
insert into chargingStationData (station_id, customer_id, kwh, datetime) values (4, 17, 66, '2022-06-15 12:36:03');
insert into chargingStationData (station_id, customer_id, kwh, datetime) values (2, 16, 89, '2022-03-12 20:43:19');
insert into chargingStationData (station_id, customer_id, kwh, datetime) values (4, 8, 79, '2022-03-21 07:15:28');
insert into chargingStationData (station_id, customer_id, kwh, datetime) values (5, 21, 85, '2022-05-14 19:48:40');
insert into chargingStationData (station_id, customer_id, kwh, datetime) values (2, 2, 74, '2022-04-06 23:49:01');
insert into chargingStationData (station_id, customer_id, kwh, datetime) values (4, 23, 38, '2022-01-19 02:58:45');
insert into chargingStationData (station_id, customer_id, kwh, datetime) values (3, 1, 45, '2022-05-08 18:56:32');
insert into chargingStationData (station_id, customer_id, kwh, datetime) values (3, 17, 82, '2022-05-08 16:46:11');
insert into chargingStationData (station_id, customer_id, kwh, datetime) values (1, 21, 21, '2022-02-03 05:16:28');
insert into chargingStationData (station_id, customer_id, kwh, datetime) values (5, 2, 22, '2022-04-29 18:12:25');
insert into chargingStationData (station_id, customer_id, kwh, datetime) values (2, 3, 57, '2022-04-28 20:46:40');
insert into chargingStationData (station_id, customer_id, kwh, datetime) values (4, 18, 29, '2022-06-15 17:10:12');
insert into chargingStationData (station_id, customer_id, kwh, datetime) values (4, 13, 65, '2022-01-08 21:46:15');
insert into chargingStationData (station_id, customer_id, kwh, datetime) values (2, 17, 74, '2022-02-08 11:47:12');
insert into chargingStationData (station_id, customer_id, kwh, datetime) values (5, 23, 44, '2022-04-29 22:44:08');
insert into chargingStationData (station_id, customer_id, kwh, datetime) values (1, 19, 89, '2022-03-01 04:39:09');
insert into chargingStationData (station_id, customer_id, kwh, datetime) values (5, 24, 57, '2022-02-22 12:20:38');
insert into chargingStationData (station_id, customer_id, kwh, datetime) values (2, 16, 63, '2022-06-08 18:46:37');
insert into chargingStationData (station_id, customer_id, kwh, datetime) values (3, 16, 33, '2022-04-06 15:29:08');
insert into chargingStationData (station_id, customer_id, kwh, datetime) values (5, 23, 55, '2022-03-25 21:45:15');
insert into chargingStationData (station_id, customer_id, kwh, datetime) values (4, 9, 35, '2022-05-28 13:53:53');
insert into chargingStationData (station_id, customer_id, kwh, datetime) values (3, 16, 78, '2022-01-10 00:42:00');
insert into chargingStationData (station_id, customer_id, kwh, datetime) values (4, 2, 36, '2022-01-18 21:49:23');
insert into chargingStationData (station_id, customer_id, kwh, datetime) values (1, 24, 61, '2022-05-12 19:53:20');
insert into chargingStationData (station_id, customer_id, kwh, datetime) values (3, 18, 76, '2022-05-01 18:19:24');
insert into chargingStationData (station_id, customer_id, kwh, datetime) values (3, 3, 88, '2022-05-10 16:14:34');
insert into chargingStationData (station_id, customer_id, kwh, datetime) values (1, 1, 34, '2022-05-07 06:59:38');
insert into chargingStationData (station_id, customer_id, kwh, datetime) values (1, 2, 50, '2022-06-15 12:36:32');
insert into chargingStationData (station_id, customer_id, kwh, datetime) values (5, 11, 26, '2022-03-10 08:52:36');
insert into chargingStationData (station_id, customer_id, kwh, datetime) values (5, 1, 62, '2022-06-01 05:44:52');
insert into chargingStationData (station_id, customer_id, kwh, datetime) values (1, 18, 43, '2022-06-12 18:51:54');
insert into chargingStationData (station_id, customer_id, kwh, datetime) values (4, 12, 67, '2022-01-31 23:17:37');
insert into chargingStationData (station_id, customer_id, kwh, datetime) values (2, 19, 23, '2022-06-02 20:50:04');
insert into chargingStationData (station_id, customer_id, kwh, datetime) values (3, 1, 31, '2022-06-04 02:04:58');
insert into chargingStationData (station_id, customer_id, kwh, datetime) values (2, 8, 24, '2022-05-13 20:46:07');
insert into chargingStationData (station_id, customer_id, kwh, datetime) values (2, 5, 81, '2022-05-18 17:16:36');
insert into chargingStationData (station_id, customer_id, kwh, datetime) values (2, 5, 80, '2022-03-14 13:05:22');
insert into chargingStationData (station_id, customer_id, kwh, datetime) values (2, 17, 53, '2022-04-14 19:56:48');
insert into chargingStationData (station_id, customer_id, kwh, datetime) values (5, 19, 25, '2022-04-17 12:23:24');
insert into chargingStationData (station_id, customer_id, kwh, datetime) values (4, 5, 22, '2022-04-20 17:28:43');
insert into chargingStationData (station_id, customer_id, kwh, datetime) values (2, 21, 57, '2022-04-10 08:50:00');
insert into chargingStationData (station_id, customer_id, kwh, datetime) values (1, 22, 69, '2022-05-22 02:07:20');
insert into chargingStationData (station_id, customer_id, kwh, datetime) values (2, 6, 49, '2022-04-18 03:24:43');
insert into chargingStationData (station_id, customer_id, kwh, datetime) values (4, 15, 31, '2022-06-07 14:27:52');
insert into chargingStationData (station_id, customer_id, kwh, datetime) values (4, 13, 83, '2022-02-25 23:24:42');
insert into chargingStationData (station_id, customer_id, kwh, datetime) values (3, 16, 72, '2022-03-07 14:33:54');
insert into chargingStationData (station_id, customer_id, kwh, datetime) values (2, 10, 69, '2022-04-25 18:48:10');
insert into chargingStationData (station_id, customer_id, kwh, datetime) values (2, 6, 27, '2022-02-02 09:33:45');
insert into chargingStationData (station_id, customer_id, kwh, datetime) values (3, 9, 61, '2022-02-22 19:13:17');
insert into chargingStationData (station_id, customer_id, kwh, datetime) values (4, 2, 72, '2022-01-21 04:55:40');
insert into chargingStationData (station_id, customer_id, kwh, datetime) values (2, 23, 83, '2022-03-11 09:39:47');
insert into chargingStationData (station_id, customer_id, kwh, datetime) values (1, 25, 89, '2022-05-24 17:30:48');
insert into chargingStationData (station_id, customer_id, kwh, datetime) values (4, 10, 41, '2022-02-06 04:59:03');
insert into chargingStationData (station_id, customer_id, kwh, datetime) values (5, 4, 87, '2022-05-30 06:13:43');
insert into chargingStationData (station_id, customer_id, kwh, datetime) values (5, 23, 66, '2022-05-29 16:38:22');
insert into chargingStationData (station_id, customer_id, kwh, datetime) values (1, 17, 28, '2022-04-23 05:20:27');
insert into chargingStationData (station_id, customer_id, kwh, datetime) values (2, 18, 50, '2022-01-30 21:02:03');
insert into chargingStationData (station_id, customer_id, kwh, datetime) values (4, 24, 74, '2022-02-20 15:48:49');
insert into chargingStationData (station_id, customer_id, kwh, datetime) values (3, 24, 39, '2022-03-21 23:10:45');
insert into chargingStationData (station_id, customer_id, kwh, datetime) values (1, 20, 31, '2022-01-14 16:51:26');
insert into chargingStationData (station_id, customer_id, kwh, datetime) values (5, 3, 59, '2022-05-24 22:51:31');
insert into chargingStationData (station_id, customer_id, kwh, datetime) values (5, 16, 77, '2022-04-26 12:20:47');
insert into chargingStationData (station_id, customer_id, kwh, datetime) values (1, 9, 31, '2022-06-22 14:02:38');
insert into chargingStationData (station_id, customer_id, kwh, datetime) values (4, 23, 44, '2022-04-25 14:46:22');
insert into chargingStationData (station_id, customer_id, kwh, datetime) values (3, 21, 45, '2022-06-18 00:49:04');
insert into chargingStationData (station_id, customer_id, kwh, datetime) values (5, 17, 85, '2022-02-08 17:09:43');
insert into chargingStationData (station_id, customer_id, kwh, datetime) values (3, 22, 27, '2022-01-26 11:36:56');
insert into chargingStationData (station_id, customer_id, kwh, datetime) values (2, 23, 45, '2022-01-19 07:21:17');
insert into chargingStationData (station_id, customer_id, kwh, datetime) values (3, 23, 38, '2022-01-13 19:08:59');
insert into chargingStationData (station_id, customer_id, kwh, datetime) values (5, 2, 70, '2022-03-17 14:56:24');
insert into chargingStationData (station_id, customer_id, kwh, datetime) values (4, 19, 76, '2022-06-01 19:51:01');
insert into chargingStationData (station_id, customer_id, kwh, datetime) values (2, 12, 69, '2022-03-13 20:13:21');
insert into chargingStationData (station_id, customer_id, kwh, datetime) values (2, 19, 46, '2022-01-10 04:38:39');
insert into chargingStationData (station_id, customer_id, kwh, datetime) values (3, 7, 88, '2022-06-19 04:15:25');
insert into chargingStationData (station_id, customer_id, kwh, datetime) values (5, 1, 20, '2022-02-19 08:50:53');
insert into chargingStationData (station_id, customer_id, kwh, datetime) values (3, 8, 21, '2022-04-25 15:22:07');
insert into chargingStationData (station_id, customer_id, kwh, datetime) values (5, 24, 63, '2022-05-26 22:40:48');
insert into chargingStationData (station_id, customer_id, kwh, datetime) values (1, 4, 41, '2022-01-18 09:34:01');
insert into chargingStationData (station_id, customer_id, kwh, datetime) values (4, 18, 45, '2022-04-23 13:48:02');
insert into chargingStationData (station_id, customer_id, kwh, datetime) values (4, 15, 65, '2022-05-04 05:28:47');
insert into chargingStationData (station_id, customer_id, kwh, datetime) values (5, 13, 67, '2022-05-27 16:05:51');
insert into chargingStationData (station_id, customer_id, kwh, datetime) values (3, 18, 52, '2022-01-01 01:43:58');
insert into chargingStationData (station_id, customer_id, kwh, datetime) values (3, 8, 21, '2022-05-27 10:32:46');
insert into chargingStationData (station_id, customer_id, kwh, datetime) values (2, 1, 22, '2022-05-11 05:17:29');
insert into chargingStationData (station_id, customer_id, kwh, datetime) values (3, 14, 85, '2022-06-17 17:22:05');
insert into chargingStationData (station_id, customer_id, kwh, datetime) values (4, 11, 69, '2022-01-03 03:25:52');
insert into chargingStationData (station_id, customer_id, kwh, datetime) values (2, 14, 87, '2022-01-02 16:16:23');
insert into chargingStationData (station_id, customer_id, kwh, datetime) values (3, 7, 68, '2022-05-13 16:22:24');
insert into chargingStationData (station_id, customer_id, kwh, datetime) values (5, 20, 23, '2022-02-18 00:04:13');
insert into chargingStationData (station_id, customer_id, kwh, datetime) values (2, 23, 86, '2022-04-02 21:48:15');
insert into chargingStationData (station_id, customer_id, kwh, datetime) values (1, 11, 57, '2022-02-19 15:15:58');
insert into chargingStationData (station_id, customer_id, kwh, datetime) values (3, 22, 83, '2022-02-19 22:03:44');
insert into chargingStationData (station_id, customer_id, kwh, datetime) values (4, 12, 68, '2022-04-23 19:19:56');
insert into chargingStationData (station_id, customer_id, kwh, datetime) values (5, 21, 48, '2022-04-01 06:36:59');
insert into chargingStationData (station_id, customer_id, kwh, datetime) values (3, 21, 27, '2022-04-26 23:26:57');
insert into chargingStationData (station_id, customer_id, kwh, datetime) values (2, 9, 31, '2022-03-04 02:43:35');
insert into chargingStationData (station_id, customer_id, kwh, datetime) values (1, 21, 58, '2022-03-12 07:51:48');
insert into chargingStationData (station_id, customer_id, kwh, datetime) values (1, 3, 39, '2022-02-26 23:55:15');
insert into chargingStationData (station_id, customer_id, kwh, datetime) values (5, 18, 89, '2022-02-10 06:11:17');
insert into chargingStationData (station_id, customer_id, kwh, datetime) values (5, 23, 83, '2022-02-01 19:15:55');
insert into chargingStationData (station_id, customer_id, kwh, datetime) values (5, 1, 30, '2022-05-17 13:50:32');
insert into chargingStationData (station_id, customer_id, kwh, datetime) values (3, 24, 21, '2022-03-24 13:04:26');
insert into chargingStationData (station_id, customer_id, kwh, datetime) values (5, 8, 38, '2022-05-17 13:40:19');
insert into chargingStationData (station_id, customer_id, kwh, datetime) values (1, 1, 58, '2022-05-04 07:19:40');
insert into chargingStationData (station_id, customer_id, kwh, datetime) values (1, 19, 30, '2022-06-05 04:33:13');
insert into chargingStationData (station_id, customer_id, kwh, datetime) values (1, 20, 59, '2022-02-25 10:29:53');
insert into chargingStationData (station_id, customer_id, kwh, datetime) values (2, 3, 59, '2022-04-12 09:41:35');
insert into chargingStationData (station_id, customer_id, kwh, datetime) values (3, 24, 84, '2022-02-14 17:49:52');
insert into chargingStationData (station_id, customer_id, kwh, datetime) values (1, 7, 24, '2022-04-03 11:31:58');
insert into chargingStationData (station_id, customer_id, kwh, datetime) values (2, 5, 83, '2022-04-29 04:20:20');
insert into chargingStationData (station_id, customer_id, kwh, datetime) values (2, 24, 82, '2022-03-28 12:47:22');
insert into chargingStationData (station_id, customer_id, kwh, datetime) values (4, 6, 35, '2022-01-31 11:04:13');
insert into chargingStationData (station_id, customer_id, kwh, datetime) values (2, 13, 52, '2022-05-17 21:01:10');
insert into chargingStationData (station_id, customer_id, kwh, datetime) values (3, 25, 68, '2022-04-18 04:01:15');
insert into chargingStationData (station_id, customer_id, kwh, datetime) values (3, 14, 53, '2022-01-17 09:15:07');
insert into chargingStationData (station_id, customer_id, kwh, datetime) values (3, 19, 21, '2022-02-08 22:08:55');
insert into chargingStationData (station_id, customer_id, kwh, datetime) values (3, 4, 88, '2022-05-07 23:05:30');
insert into chargingStationData (station_id, customer_id, kwh, datetime) values (4, 2, 36, '2022-03-04 04:56:52');
insert into chargingStationData (station_id, customer_id, kwh, datetime) values (2, 25, 65, '2022-05-20 16:32:52');
insert into chargingStationData (station_id, customer_id, kwh, datetime) values (3, 13, 88, '2022-02-06 08:55:11');
insert into chargingStationData (station_id, customer_id, kwh, datetime) values (5, 4, 82, '2022-05-20 03:42:27');
insert into chargingStationData (station_id, customer_id, kwh, datetime) values (2, 19, 63, '2022-04-07 14:57:39');
insert into chargingStationData (station_id, customer_id, kwh, datetime) values (5, 22, 33, '2022-03-12 09:30:55');
insert into chargingStationData (station_id, customer_id, kwh, datetime) values (5, 12, 26, '2022-02-13 07:34:31');
insert into chargingStationData (station_id, customer_id, kwh, datetime) values (3, 20, 88, '2022-05-18 13:59:02');
insert into chargingStationData (station_id, customer_id, kwh, datetime) values (4, 16, 57, '2022-06-15 06:30:55');
insert into chargingStationData (station_id, customer_id, kwh, datetime) values (1, 16, 62, '2022-05-01 09:37:17');
insert into chargingStationData (station_id, customer_id, kwh, datetime) values (3, 2, 31, '2022-02-19 03:21:00');
insert into chargingStationData (station_id, customer_id, kwh, datetime) values (2, 19, 35, '2022-01-09 17:17:00');
insert into chargingStationData (station_id, customer_id, kwh, datetime) values (1, 9, 39, '2022-01-03 06:21:26');
insert into chargingStationData (station_id, customer_id, kwh, datetime) values (4, 23, 84, '2022-06-10 19:10:40');
insert into chargingStationData (station_id, customer_id, kwh, datetime) values (3, 14, 44, '2022-03-02 09:03:16');
insert into chargingStationData (station_id, customer_id, kwh, datetime) values (3, 10, 53, '2022-03-12 05:05:32');
insert into chargingStationData (station_id, customer_id, kwh, datetime) values (1, 7, 54, '2022-04-17 17:50:59');
insert into chargingStationData (station_id, customer_id, kwh, datetime) values (4, 20, 45, '2022-03-27 11:34:02');
insert into chargingStationData (station_id, customer_id, kwh, datetime) values (1, 23, 57, '2022-04-16 20:41:30');
insert into chargingStationData (station_id, customer_id, kwh, datetime) values (3, 1, 72, '2022-01-09 23:02:26');
insert into chargingStationData (station_id, customer_id, kwh, datetime) values (2, 8, 39, '2022-04-30 16:12:24');
insert into chargingStationData (station_id, customer_id, kwh, datetime) values (4, 11, 47, '2022-04-18 16:51:34');
insert into chargingStationData (station_id, customer_id, kwh, datetime) values (1, 14, 58, '2022-02-22 02:09:08');
insert into chargingStationData (station_id, customer_id, kwh, datetime) values (5, 13, 22, '2022-03-25 01:38:07');
insert into chargingStationData (station_id, customer_id, kwh, datetime) values (4, 16, 67, '2022-01-23 14:56:27');
insert into chargingStationData (station_id, customer_id, kwh, datetime) values (4, 21, 29, '2022-06-03 21:27:57');
insert into chargingStationData (station_id, customer_id, kwh, datetime) values (1, 12, 69, '2022-05-21 05:17:00');
insert into chargingStationData (station_id, customer_id, kwh, datetime) values (3, 17, 39, '2022-02-19 00:10:35');
insert into chargingStationData (station_id, customer_id, kwh, datetime) values (2, 5, 68, '2022-04-26 01:49:26');
insert into chargingStationData (station_id, customer_id, kwh, datetime) values (1, 11, 65, '2022-03-08 23:46:12');
insert into chargingStationData (station_id, customer_id, kwh, datetime) values (2, 24, 40, '2022-02-15 20:20:26');
insert into chargingStationData (station_id, customer_id, kwh, datetime) values (1, 22, 31, '2022-04-12 20:54:40');
insert into chargingStationData (station_id, customer_id, kwh, datetime) values (1, 13, 64, '2022-03-10 18:06:30');
insert into chargingStationData (station_id, customer_id, kwh, datetime) values (3, 6, 69, '2022-01-16 00:50:42');
insert into chargingStationData (station_id, customer_id, kwh, datetime) values (4, 8, 58, '2022-06-12 06:48:24');
insert into chargingStationData (station_id, customer_id, kwh, datetime) values (3, 14, 34, '2022-04-12 15:29:41');
insert into chargingStationData (station_id, customer_id, kwh, datetime) values (3, 15, 59, '2022-05-28 18:01:18');
insert into chargingStationData (station_id, customer_id, kwh, datetime) values (1, 11, 86, '2022-06-21 04:25:08');
insert into chargingStationData (station_id, customer_id, kwh, datetime) values (1, 3, 47, '2022-01-20 13:39:24');
insert into chargingStationData (station_id, customer_id, kwh, datetime) values (1, 2, 88, '2022-05-25 16:02:49');
insert into chargingStationData (station_id, customer_id, kwh, datetime) values (2, 5, 78, '2022-03-07 08:24:49');
insert into chargingStationData (station_id, customer_id, kwh, datetime) values (4, 13, 62, '2022-01-12 12:31:58');
insert into chargingStationData (station_id, customer_id, kwh, datetime) values (5, 24, 41, '2022-02-05 22:38:45');
insert into chargingStationData (station_id, customer_id, kwh, datetime) values (4, 5, 45, '2022-04-26 16:42:00');
insert into chargingStationData (station_id, customer_id, kwh, datetime) values (4, 13, 24, '2022-03-09 03:55:18');
insert into chargingStationData (station_id, customer_id, kwh, datetime) values (3, 20, 76, '2022-04-25 11:36:31');
insert into chargingStationData (station_id, customer_id, kwh, datetime) values (2, 24, 85, '2022-04-12 17:48:40');
insert into chargingStationData (station_id, customer_id, kwh, datetime) values (4, 10, 40, '2022-03-15 11:35:34');
insert into chargingStationData (station_id, customer_id, kwh, datetime) values (1, 11, 30, '2022-03-12 13:02:36');
insert into chargingStationData (station_id, customer_id, kwh, datetime) values (2, 16, 68, '2022-02-13 23:21:38');
insert into chargingStationData (station_id, customer_id, kwh, datetime) values (3, 4, 31, '2022-03-14 02:32:40');
insert into chargingStationData (station_id, customer_id, kwh, datetime) values (2, 21, 45, '2022-06-23 16:59:58');
insert into chargingStationData (station_id, customer_id, kwh, datetime) values (2, 1, 74, '2022-05-19 10:18:11');
insert into chargingStationData (station_id, customer_id, kwh, datetime) values (1, 16, 53, '2022-04-24 12:37:17');
insert into chargingStationData (station_id, customer_id, kwh, datetime) values (3, 18, 72, '2022-01-12 07:24:56');
insert into chargingStationData (station_id, customer_id, kwh, datetime) values (2, 14, 50, '2022-06-05 22:25:41');
insert into chargingStationData (station_id, customer_id, kwh, datetime) values (1, 17, 87, '2022-04-24 15:42:07');
insert into chargingStationData (station_id, customer_id, kwh, datetime) values (2, 8, 75, '2022-01-12 12:12:33');
insert into chargingStationData (station_id, customer_id, kwh, datetime) values (4, 24, 54, '2022-05-31 16:53:20');
insert into chargingStationData (station_id, customer_id, kwh, datetime) values (5, 1, 41, '2022-04-21 20:22:45');
insert into chargingStationData (station_id, customer_id, kwh, datetime) values (2, 13, 78, '2022-02-18 00:51:55');
insert into chargingStationData (station_id, customer_id, kwh, datetime) values (4, 2, 37, '2022-03-18 09:25:12');
insert into chargingStationData (station_id, customer_id, kwh, datetime) values (1, 4, 48, '2022-04-26 15:28:21');
insert into chargingStationData (station_id, customer_id, kwh, datetime) values (4, 21, 52, '2022-03-01 16:55:52');
insert into chargingStationData (station_id, customer_id, kwh, datetime) values (4, 10, 84, '2022-03-28 21:43:46');
insert into chargingStationData (station_id, customer_id, kwh, datetime) values (5, 2, 22, '2022-01-21 10:23:12');
insert into chargingStationData (station_id, customer_id, kwh, datetime) values (5, 6, 42, '2022-03-10 03:52:24');
insert into chargingStationData (station_id, customer_id, kwh, datetime) values (1, 9, 79, '2022-01-06 16:53:47');
insert into chargingStationData (station_id, customer_id, kwh, datetime) values (2, 22, 86, '2022-06-17 23:51:24');
insert into chargingStationData (station_id, customer_id, kwh, datetime) values (2, 6, 85, '2022-03-24 05:07:10');
insert into chargingStationData (station_id, customer_id, kwh, datetime) values (4, 18, 45, '2022-06-17 16:34:13');
insert into chargingStationData (station_id, customer_id, kwh, datetime) values (2, 10, 29, '2022-06-01 22:47:44');
insert into chargingStationData (station_id, customer_id, kwh, datetime) values (3, 20, 64, '2022-03-28 03:10:55');
insert into chargingStationData (station_id, customer_id, kwh, datetime) values (5, 13, 60, '2022-04-20 02:32:00');
insert into chargingStationData (station_id, customer_id, kwh, datetime) values (4, 25, 30, '2022-06-20 18:53:31');
insert into chargingStationData (station_id, customer_id, kwh, datetime) values (3, 14, 70, '2022-02-11 16:46:37');
insert into chargingStationData (station_id, customer_id, kwh, datetime) values (1, 12, 76, '2022-03-14 01:18:21');
insert into chargingStationData (station_id, customer_id, kwh, datetime) values (1, 23, 22, '2022-05-28 14:15:13');
insert into chargingStationData (station_id, customer_id, kwh, datetime) values (5, 8, 77, '2022-03-29 16:39:12');
insert into chargingStationData (station_id, customer_id, kwh, datetime) values (1, 20, 40, '2022-03-26 13:44:32');
insert into chargingStationData (station_id, customer_id, kwh, datetime) values (3, 17, 50, '2022-05-30 05:55:14');
insert into chargingStationData (station_id, customer_id, kwh, datetime) values (1, 3, 29, '2022-04-18 08:18:48');
insert into chargingStationData (station_id, customer_id, kwh, datetime) values (1, 25, 46, '2022-02-16 01:06:40');
insert into chargingStationData (station_id, customer_id, kwh, datetime) values (2, 14, 73, '2022-03-06 01:40:29');
insert into chargingStationData (station_id, customer_id, kwh, datetime) values (3, 20, 20, '2022-04-05 22:28:26');
insert into chargingStationData (station_id, customer_id, kwh, datetime) values (5, 12, 32, '2022-03-28 06:47:10');
insert into chargingStationData (station_id, customer_id, kwh, datetime) values (3, 17, 53, '2022-02-20 14:41:31');
insert into chargingStationData (station_id, customer_id, kwh, datetime) values (4, 14, 27, '2022-01-04 03:48:52');
insert into chargingStationData (station_id, customer_id, kwh, datetime) values (4, 8, 89, '2022-03-21 21:02:40');
insert into chargingStationData (station_id, customer_id, kwh, datetime) values (2, 20, 76, '2022-03-26 10:07:10');
insert into chargingStationData (station_id, customer_id, kwh, datetime) values (5, 8, 63, '2022-06-17 13:18:26');
insert into chargingStationData (station_id, customer_id, kwh, datetime) values (4, 11, 53, '2022-05-31 05:10:30');
insert into chargingStationData (station_id, customer_id, kwh, datetime) values (1, 3, 76, '2022-01-26 04:34:49');
insert into chargingStationData (station_id, customer_id, kwh, datetime) values (5, 4, 34, '2022-05-11 13:43:38');
insert into chargingStationData (station_id, customer_id, kwh, datetime) values (5, 3, 73, '2022-04-28 23:43:58');
insert into chargingStationData (station_id, customer_id, kwh, datetime) values (4, 13, 21, '2022-02-02 21:11:33');
insert into chargingStationData (station_id, customer_id, kwh, datetime) values (2, 25, 73, '2022-01-31 20:40:47');
insert into chargingStationData (station_id, customer_id, kwh, datetime) values (4, 1, 83, '2022-02-20 12:19:27');
insert into chargingStationData (station_id, customer_id, kwh, datetime) values (1, 15, 78, '2022-04-14 13:34:17');
insert into chargingStationData (station_id, customer_id, kwh, datetime) values (2, 15, 64, '2022-05-09 03:11:44');
insert into chargingStationData (station_id, customer_id, kwh, datetime) values (4, 12, 63, '2022-05-04 13:39:46');
insert into chargingStationData (station_id, customer_id, kwh, datetime) values (3, 17, 74, '2022-01-10 12:42:31');
insert into chargingStationData (station_id, customer_id, kwh, datetime) values (1, 8, 68, '2022-04-05 04:22:42');
insert into chargingStationData (station_id, customer_id, kwh, datetime) values (3, 9, 39, '2022-05-31 04:47:24');
insert into chargingStationData (station_id, customer_id, kwh, datetime) values (3, 16, 58, '2022-02-05 12:04:54');
insert into chargingStationData (station_id, customer_id, kwh, datetime) values (1, 17, 44, '2022-04-05 15:26:34');
insert into chargingStationData (station_id, customer_id, kwh, datetime) values (2, 17, 20, '2022-01-31 01:25:25');
insert into chargingStationData (station_id, customer_id, kwh, datetime) values (1, 9, 80, '2022-06-12 23:43:18');
insert into chargingStationData (station_id, customer_id, kwh, datetime) values (3, 4, 68, '2022-04-08 19:21:20');
insert into chargingStationData (station_id, customer_id, kwh, datetime) values (1, 2, 39, '2022-04-23 08:40:04');
insert into chargingStationData (station_id, customer_id, kwh, datetime) values (1, 4, 35, '2022-04-06 23:51:43');
insert into chargingStationData (station_id, customer_id, kwh, datetime) values (3, 19, 37, '2022-05-12 23:53:07');
insert into chargingStationData (station_id, customer_id, kwh, datetime) values (2, 9, 65, '2022-05-04 17:38:26');
insert into chargingStationData (station_id, customer_id, kwh, datetime) values (2, 4, 37, '2022-02-19 23:20:45');
insert into chargingStationData (station_id, customer_id, kwh, datetime) values (1, 6, 50, '2022-05-23 08:18:57');
insert into chargingStationData (station_id, customer_id, kwh, datetime) values (1, 12, 41, '2022-04-28 21:02:20');
insert into chargingStationData (station_id, customer_id, kwh, datetime) values (3, 17, 33, '2022-03-19 22:42:37');
insert into chargingStationData (station_id, customer_id, kwh, datetime) values (3, 6, 71, '2022-01-30 07:43:18');
insert into chargingStationData (station_id, customer_id, kwh, datetime) values (3, 7, 87, '2022-06-21 12:35:03');
insert into chargingStationData (station_id, customer_id, kwh, datetime) values (1, 9, 33, '2022-01-15 21:14:33');
insert into chargingStationData (station_id, customer_id, kwh, datetime) values (3, 21, 71, '2022-06-05 14:36:30');
insert into chargingStationData (station_id, customer_id, kwh, datetime) values (5, 18, 32, '2022-02-04 01:00:05');
insert into chargingStationData (station_id, customer_id, kwh, datetime) values (3, 1, 72, '2022-05-04 08:44:03');
insert into chargingStationData (station_id, customer_id, kwh, datetime) values (1, 13, 50, '2022-01-07 04:35:04');
insert into chargingStationData (station_id, customer_id, kwh, datetime) values (4, 10, 47, '2022-05-27 12:20:36');
insert into chargingStationData (station_id, customer_id, kwh, datetime) values (4, 14, 77, '2022-01-18 04:07:15');
insert into chargingStationData (station_id, customer_id, kwh, datetime) values (4, 9, 36, '2022-05-28 08:43:38');
insert into chargingStationData (station_id, customer_id, kwh, datetime) values (1, 25, 55, '2022-04-01 19:56:02');
insert into chargingStationData (station_id, customer_id, kwh, datetime) values (5, 21, 72, '2022-03-09 05:57:20');
insert into chargingStationData (station_id, customer_id, kwh, datetime) values (4, 15, 25, '2022-06-18 14:07:32');
insert into chargingStationData (station_id, customer_id, kwh, datetime) values (2, 14, 75, '2022-05-01 11:42:12');
insert into chargingStationData (station_id, customer_id, kwh, datetime) values (3, 6, 29, '2022-06-20 03:58:15');
insert into chargingStationData (station_id, customer_id, kwh, datetime) values (1, 12, 54, '2022-05-08 02:28:02');
insert into chargingStationData (station_id, customer_id, kwh, datetime) values (3, 15, 87, '2022-04-17 17:30:48');
insert into chargingStationData (station_id, customer_id, kwh, datetime) values (2, 6, 37, '2022-05-02 20:34:21');
insert into chargingStationData (station_id, customer_id, kwh, datetime) values (3, 14, 88, '2022-05-03 15:58:49');
insert into chargingStationData (station_id, customer_id, kwh, datetime) values (4, 3, 82, '2022-01-20 18:17:52');
insert into chargingStationData (station_id, customer_id, kwh, datetime) values (3, 14, 87, '2022-05-16 07:48:29');
insert into chargingStationData (station_id, customer_id, kwh, datetime) values (5, 5, 90, '2022-04-09 03:51:32');
insert into chargingStationData (station_id, customer_id, kwh, datetime) values (2, 11, 86, '2022-04-26 16:16:15');
insert into chargingStationData (station_id, customer_id, kwh, datetime) values (2, 14, 55, '2022-03-29 04:17:19');
insert into chargingStationData (station_id, customer_id, kwh, datetime) values (4, 6, 72, '2022-06-05 18:21:48');
insert into chargingStationData (station_id, customer_id, kwh, datetime) values (1, 14, 72, '2022-01-01 00:11:13');
insert into chargingStationData (station_id, customer_id, kwh, datetime) values (5, 6, 45, '2022-04-11 04:15:24');
insert into chargingStationData (station_id, customer_id, kwh, datetime) values (3, 23, 79, '2022-05-29 05:57:41');
insert into chargingStationData (station_id, customer_id, kwh, datetime) values (5, 24, 81, '2022-05-01 01:42:52');
insert into chargingStationData (station_id, customer_id, kwh, datetime) values (1, 7, 74, '2022-04-26 04:20:23');
insert into chargingStationData (station_id, customer_id, kwh, datetime) values (3, 14, 80, '2022-05-11 11:41:41');

insert into customers (customer_id, name, postalcode, city, street) values (1, 'Ignazio Grinin', 9344, 'Gwanda', 'Chinook 79');
insert into customers (customer_id, name, postalcode, city, street) values (2, 'Meridith Compford', 7640, 'Galtek', 'Prentice 71');
insert into customers (customer_id, name, postalcode, city, street) values (3, 'Gaby Grouer', 6973, 'Manhan', 'Morrow 25');
insert into customers (customer_id, name, postalcode, city, street) values (4, 'Sallee Aliberti', 6864, 'Uspenskoye', 'Texas 148');
insert into customers (customer_id, name, postalcode, city, street) values (5, 'Easter Waterhowse', 1365, 'Tiet', 'Portage 10');
insert into customers (customer_id, name, postalcode, city, street) values (6, 'Rosalynd Sleep', 5645, 'Emiliano Zapata', 'Lakewood 84');
insert into customers (customer_id, name, postalcode, city, street) values (7, 'Ezri Tolcharde', 7276, 'Ismailia', 'Pearson 128');
insert into customers (customer_id, name, postalcode, city, street) values (8, 'Clayson Taill', 7745, 'Krajan Satu', 'Express 43');
insert into customers (customer_id, name, postalcode, city, street) values (9, 'Giraldo Finlow', 4566, 'Ait Ali', 'Del Mar 127');
insert into customers (customer_id, name, postalcode, city, street) values (10, 'Enrichetta Insworth', 1007, 'San Antonio Aguas Calientes', 'Maryland 66');
insert into customers (customer_id, name, postalcode, city, street) values (11, 'Cordy Dredge', 9136, 'El Hajeb', 'Stephen 79');
insert into customers (customer_id, name, postalcode, city, street) values (12, 'Allard Dimont', 6980, 'Baima', 'Chive 47');
insert into customers (customer_id, name, postalcode, city, street) values (13, 'Harmon Guage', 4654, 'Vannes', 'Mitchell 80');
insert into customers (customer_id, name, postalcode, city, street) values (14, 'Vickie Nealand', 5375, 'Shenshan', 'Mayfield 45');
insert into customers (customer_id, name, postalcode, city, street) values (15, 'Marysa McCowan', 2723, 'Moss', 'Arrowood 41');
insert into customers (customer_id, name, postalcode, city, street) values (16, 'Roch Brewer', 5045, 'Tangjin', 'Trailsway 93');
insert into customers (customer_id, name, postalcode, city, street) values (17, 'Danya Westoff', 1007, 'Chavia', 'Oriole 124');
insert into customers (customer_id, name, postalcode, city, street) values (18, 'Claire Fordy', 3905, 'Sada', 'Russell 111');
insert into customers (customer_id, name, postalcode, city, street) values (19, 'Harris Haselgrove', 8569, 'Janiuay', 'Butterfield 11');
insert into customers (customer_id, name, postalcode, city, street) values (20, 'Benedick Spratt', 7763, 'Golden', 'Hooker 74');
insert into customers (customer_id, name, postalcode, city, street) values (21, 'Jinny O''Halligan', 6509, 'Gteborg', 'Shopko 84');
insert into customers (customer_id, name, postalcode, city, street) values (22, 'Marven Dorrance', 6242, 'Calvrio', 'Rowland 121');
insert into customers (customer_id, name, postalcode, city, street) values (23, 'Nelly Aimeric', 8766, 'Kubangeceng', 'Waxwing 76');
insert into customers (customer_id, name, postalcode, city, street) values (24, 'Duncan Dring', 9369, 'Copn', 'Ridgeview 7');
insert into customers (customer_id, name, postalcode, city, street) values (25, 'Carlota Aleksankin', 9106, 'Panjb', 'Old Gate 37');
insert into customers (customer_id, name, postalcode, city, street) values (26, 'Skelly Quaife', 2787, 'Alta Gracia', 'Farmco 119');
insert into customers (customer_id, name, postalcode, city, street) values (27, 'Elinor Fraczek', 1612, 'Lampa', 'Scott 63');
insert into customers (customer_id, name, postalcode, city, street) values (28, 'Talya Cully', 3240, 'Ro', 'Moulton 57');
insert into customers (customer_id, name, postalcode, city, street) values (29, 'Iago Wilhelmy', 5582, 'Guadalupe', 'Becker 17');
insert into customers (customer_id, name, postalcode, city, street) values (30, 'Riane Burfitt', 3454, 'Bayan Uula Sumu', 'Crest Line 24');
insert into customers (customer_id, name, postalcode, city, street) values (31, 'Emmanuel Pirkis', 6268, 'Taman', 'Elgar 29');
insert into customers (customer_id, name, postalcode, city, street) values (32, 'Kenna Hultberg', 2060, 'Cachoeira do Sul', 'Rigney 118');
insert into customers (customer_id, name, postalcode, city, street) values (33, 'Albrecht Lannen', 9300, 'Yabrd', 'Mendota 137');
insert into customers (customer_id, name, postalcode, city, street) values (34, 'Miltie Aps', 4311, 'Jianxin', 'Center 34');
insert into customers (customer_id, name, postalcode, city, street) values (35, 'Bobbe Cleaveland', 2565, 'Fabianki', 'Talisman 22');
insert into customers (customer_id, name, postalcode, city, street) values (36, 'Rafe Crispe', 1381, 'Galimuyod', 'Declaration 59');
insert into customers (customer_id, name, postalcode, city, street) values (37, 'Ilene Threadgould', 3699, 'Lunyuk Ode', 'Utah 70');
insert into customers (customer_id, name, postalcode, city, street) values (38, 'Jarrett Megahey', 6237, 'Junshan', 'Valley Edge 16');
insert into customers (customer_id, name, postalcode, city, street) values (39, 'Fidelia Gotecliffe', 3749, 'Zevenaar', 'Anthes 13');
insert into customers (customer_id, name, postalcode, city, street) values (40, 'Rafferty Kenset', 3442, 'Donghui', 'Stang 121');
insert into customers (customer_id, name, postalcode, city, street) values (41, 'Neel Tonbridge', 2089, 'Gwio Kura', 'Judy 10');
insert into customers (customer_id, name, postalcode, city, street) values (42, 'Prinz Ellacott', 8388, 'Monasterevin', 'Hanover 70');
insert into customers (customer_id, name, postalcode, city, street) values (43, 'Wilburt Arnason', 3913, 'Lloque', 'Tennyson 144');
insert into customers (customer_id, name, postalcode, city, street) values (44, 'Kirsten Bensen', 5438, 'Bajiao', 'Arapahoe 94');
insert into customers (customer_id, name, postalcode, city, street) values (45, 'Judi Oulett', 8733, 'Melres', 'Ridgeway 73');
insert into customers (customer_id, name, postalcode, city, street) values (46, 'Meredith Slaymaker', 8853, 'Hewan', 'Truax 115');
insert into customers (customer_id, name, postalcode, city, street) values (47, 'Murielle Schultze', 8990, 'Zhongshu', 'Delladonna 76');
insert into customers (customer_id, name, postalcode, city, street) values (48, 'Rey Colqueran', 2757, 'Maazo', 'Anhalt 67');
insert into customers (customer_id, name, postalcode, city, street) values (49, 'Odelle Tregear', 6051, 'Songjiang', 'Welch 67');
insert into customers (customer_id, name, postalcode, city, street) values (50, 'Halsey Scotsbrook', 2115, 'Pemba', 'Harper 96');
